,Key,Mean,Std
0,Median_Income > 0.46,143920.9289068405,11367.60547775918
1,-0.64 < Distance_to_coast <= -0.41,14212.077691634895,2091.5141743534487
2,-0.39 < Distance_to_LA <= 1.04,-11994.128987034414,5377.531872419617
3,Distance_to_SanJose <= -1.09,9257.046614944988,4526.06400080235
4,Median_Age <= -0.85,-6891.883675374469,1888.5294480507312
5,-0.64 < Latitude <= 0.97,3858.807775560378,3058.3462996338244
6,Distance_to_SanFrancisco <= -1.08,5007.885010988989,3227.5811292805056
7,Longitude <= -1.11,5053.966203620865,4137.024345217262
8,-0.63 < Distance_to_SanDiego <= 1.06,2010.7890469618783,1948.3891195063934
9,Population > 0.27,-6901.062158195593,5576.10431310711
10,-0.23 < Households <= 0.28,358.60394627245154,1924.3106887703302
11,-0.24 < Tot_Bedrooms <= 0.26,675.3022047910712,2398.5546246492795
12,Tot_Rooms > 0.24,4784.753192669028,4575.542136381315
13,Median_Income <= -0.69,-85179.62330298153,8006.46652672034
14,Distance_to_coast > 0.19,-67411.65397250456,6731.666778890287
15,Median_Age > 0.66,8029.218683558004,2618.248023549146
16,-0.39 < Distance_to_LA <= 1.04,-12112.683021336508,5381.808740476318
17,-0.56 < Population <= -0.22,2610.5266706490693,3083.110526594898
18,-1.08 < Distance_to_SanFrancisco <= 0.56,508.46503741834624,2529.402916782274
19,-0.54 < Tot_Rooms <= -0.23,-3227.1082507712463,3339.6918280597356
20,-1.11 < Longitude <= 0.54,1336.4027338151484,2500.5324707926716
21,-0.64 < Latitude <= 0.97,3730.3987799387787,2674.3027466807916
22,-1.09 < Distance_to_SanJose <= 0.51,929.9224413892814,3346.081148490089
23,-0.58 < Tot_Bedrooms <= -0.24,-3827.0843893274478,3278.448333702986
24,-0.57 < Households <= -0.23,-800.1838325020726,2441.7294974094343
25,-0.63 < Distance_to_SanDiego <= 1.06,1951.0111481788722,2342.1470001589537
26,-0.18 < Median_Income <= 0.46,-9209.038347255244,2858.685828956541
27,0.51 < Distance_to_SanJose <= 0.77,-3609.1671179587297,2843.993925357574
28,-0.80 < Latitude <= -0.64,9389.907464144659,3989.6021360088343
29,-0.41 < Distance_to_coast <= 0.19,6229.130470694705,3339.067546781427
30,-0.85 < Median_Age <= 0.02,-4292.778914241305,2555.524465344297
31,Tot_Bedrooms > 0.26,7848.751805789198,6064.360379453203
32,-0.96 < Distance_to_LA <= -0.39,-2430.6829189000655,3082.685289488092
33,Population > 0.27,-7144.103879543232,6514.256001163681
34,Tot_Rooms > 0.24,4886.909363402685,5054.192181408899
35,Households > 0.28,1637.492139909675,3048.4247949393284
36,-0.83 < Distance_to_SanDiego <= -0.63,-173.6326372455817,2669.382466284853
37,Longitude > 0.78,-4745.79116725757,3983.2792378400886
38,0.56 < Distance_to_SanFrancisco <= 0.79,-1740.0499831876016,2930.8063112661207
39,-0.18 < Median_Income <= 0.46,-9687.276167874705,2626.163884703604
40,-0.64 < Distance_to_coast <= -0.41,13936.696122222065,2853.220570484716
41,Distance_to_SanJose > 0.77,-6922.967995711212,4026.3587768686484
42,Latitude <= -0.80,10926.397171256027,5555.856309736293
43,Distance_to_SanDiego <= -0.83,-4181.452438073478,3599.625593879179
44,-0.24 < Tot_Bedrooms <= 0.26,831.0852408704532,3293.704046258583
45,Longitude > 0.78,-5174.521247973479,3505.7227067077415
46,-0.23 < Households <= 0.28,-12.690605736536076,2520.7596927162654
47,Distance_to_SanFrancisco > 0.79,-4502.012705457596,3753.71040220224
48,-0.96 < Distance_to_LA <= -0.39,-2195.421756041666,3063.1495236678265
49,-0.22 < Population <= 0.27,-4238.276958060046,4049.336713892664
50,-0.23 < Tot_Rooms <= 0.24,1523.6038311707084,2995.345258878444
51,0.02 < Median_Age <= 0.66,3872.3724058904236,2894.6855687488514
52,Median_Income > 0.46,143847.04351130343,11149.399384016671
53,Latitude > 0.97,-24754.031908336037,8210.362460165137
54,-0.41 < Distance_to_coast <= 0.19,6134.987413594289,2563.0013830987023
55,Distance_to_LA > 1.04,-11605.469294011364,4674.316640628121
56,-0.85 < Median_Age <= 0.02,-4323.2589310759795,1706.1929137628333
57,Distance_to_SanFrancisco <= -1.08,4631.302330869206,3209.3698198804104
58,Longitude <= -1.11,4818.790056738171,4054.734446300577
59,-1.09 < Distance_to_SanJose <= 0.51,656.5142228210718,2470.036503843218
60,Distance_to_SanDiego > 1.06,2316.202997255126,2063.6992276323476
61,-0.58 < Tot_Bedrooms <= -0.24,-3381.9579241331276,3047.9425956381688
62,-0.57 < Households <= -0.23,-782.1622778288687,1493.2708524069053
63,-0.54 < Tot_Rooms <= -0.23,-3219.5424538456386,3606.0339487826504
64,-0.56 < Population <= -0.22,2469.351681429534,2496.936419244163
65,Median_Income <= -0.69,-85392.78632483058,8300.561887027756
66,Distance_to_LA <= -0.96,25582.88785694321,9509.225441553719
67,-0.64 < Distance_to_coast <= -0.41,13734.684207431705,2491.312459747496
68,0.51 < Distance_to_SanJose <= 0.77,-3211.2165124379835,2613.205891416187
69,-0.56 < Population <= -0.22,2634.897627590356,3155.7222303542503
70,0.02 < Median_Age <= 0.66,3263.3945018488293,2378.726219873655
71,-0.80 < Latitude <= -0.64,9544.306066903777,4038.162337620389
72,-0.58 < Tot_Bedrooms <= -0.24,-3667.062439199716,3501.9522985041344
73,0.54 < Longitude <= 0.78,-1798.7885802346918,2708.677836156863
74,0.56 < Distance_to_SanFrancisco <= 0.79,-2092.1901075110923,2849.569410334236
75,-0.83 < Distance_to_SanDiego <= -0.63,-322.5700718217046,2260.9434343367243
76,-0.57 < Households <= -0.23,-905.4436825900741,2661.229251730421
77,-0.54 < Tot_Rooms <= -0.23,-3164.1773017033265,3818.019484712566
78,-0.69 < Median_Income <= -0.18,-49433.03256163969,4679.790235242457
79,Distance_to_LA <= -0.96,24916.732141290595,9492.006250004311
80,Distance_to_SanJose > 0.77,-7359.474393088232,4230.400066203033
81,Latitude <= -0.80,11029.908656456497,5240.733834956659
82,-0.41 < Distance_to_coast <= 0.19,6168.702212392038,3362.2646919354324
83,Distance_to_SanDiego <= -0.83,-3905.2836576515374,3267.789048304156
84,0.02 < Median_Age <= 0.66,3522.918275155236,2403.0285626452537
85,Longitude > 0.78,-4898.308859015051,3781.4531481432828
86,Tot_Bedrooms <= -0.58,-5805.4956398162785,4658.8330672789
87,-0.56 < Population <= -0.22,2834.8052730874847,3207.276126478181
88,Distance_to_SanFrancisco > 0.79,-4511.7712240172095,3326.445870359862
89,Tot_Rooms <= -0.54,-3467.7950221927326,4454.626544627626
90,Households <= -0.57,-1034.6548621728502,2663.8324940130324
91,Distance_to_coast > 0.19,-67696.66497507966,7193.421561469267
92,-0.69 < Median_Income <= -0.18,-49499.24727650908,4400.816138937811
93,Median_Age <= -0.85,-6979.852831262547,2625.182664617525
94,Tot_Rooms <= -0.54,-3021.7422053657997,3628.711763944475
95,-1.11 < Longitude <= 0.54,1466.4690408291792,2510.505047376375
96,-0.64 < Latitude <= 0.97,4264.622785001612,2915.8749796273123
97,-0.96 < Distance_to_LA <= -0.39,-1997.8491633010476,3077.3304130718993
98,Households <= -0.57,-1460.590972725924,2366.6375238138194
99,-0.63 < Distance_to_SanDiego <= 1.06,1430.7643858330225,2560.617808248104
100,-1.09 < Distance_to_SanJose <= 0.51,1553.1712719468255,2847.5848348293375
101,Population <= -0.56,8014.98679177709,6931.385517669692
102,-1.08 < Distance_to_SanFrancisco <= 0.56,1055.6230359664767,2854.022519927453
103,Tot_Bedrooms <= -0.58,-5348.514673354015,4936.475328597782
104,Median_Income <= -0.69,-85588.21001081205,8170.724224222758
105,Latitude > 0.97,-24282.040828972986,8120.95457924737
106,-0.41 < Distance_to_coast <= 0.19,6458.967099782275,3101.9848550524116
107,Distance_to_LA > 1.04,-11609.344748331565,5174.247796617214
108,-0.54 < Tot_Rooms <= -0.23,-2852.8707168665615,3452.492320142031
109,Median_Age <= -0.85,-7132.1178407954485,2619.217579891105
110,Distance_to_SanFrancisco <= -1.08,5497.3815592560495,3811.942293997758
111,Distance_to_SanDiego > 1.06,1946.1643084980467,2672.6475780132205
112,Longitude <= -1.11,4994.861282343684,4336.930970562942
113,-1.09 < Distance_to_SanJose <= 0.51,1111.8043978304408,2912.584318486725
114,-0.56 < Population <= -0.22,3026.83791997983,3180.372313924381
115,-0.23 < Households <= 0.28,361.510862815641,2116.8624599362906
116,-0.24 < Tot_Bedrooms <= 0.26,1369.8300180033098,2709.770104809979
117,Median_Income <= -0.69,-85502.83288791376,8132.994833440949
118,Distance_to_coast <= -0.64,46310.89742144385,7561.236671484236
119,Latitude > 0.97,-24810.914177724182,8126.990090952508
120,Distance_to_SanFrancisco <= -1.08,5206.980991441477,3599.2348017886106
121,Median_Age > 0.66,7837.587235869558,2754.7852152588857
122,Distance_to_LA > 1.04,-11649.671849438346,4972.394252045739
123,Distance_to_SanJose <= -1.09,9259.753770296884,4961.449631851134
124,-0.23 < Tot_Rooms <= 0.24,1090.0505673518326,2595.559983350201
125,Households > 0.28,2035.8058771540157,2739.2641377333653
126,Tot_Bedrooms > 0.26,8078.576972363642,5895.190147498826
127,Distance_to_SanDiego > 1.06,2141.1150599487437,2483.6991623015133
128,Longitude <= -1.11,5552.995699669639,4483.776998691117
129,Population > 0.27,-6416.563157673687,5458.586911507734
